ticker,rev_1m_pct,rev_3m_pct,up30d,down30d,eps_growth_2026,rev_yoy_3m_avg,roe,gross_margin_q,gross_margin_delta,fcf_positive,foreign_5d_amt,foreign_20d_amt,trust_5d_amt,trust_20d_amt,main_force_20d,close,ma20,ma60,dist_60d_high_pct,dd60_pct,dd120_pct,pos_52w,rsi14,entry_low,entry_high,stop_loss,target_price,rr,eps_growth,rev_yoy,gm_trend,fcf,f2_rev_1m,f2_rev_3m,f2_revisions,f2_industry_rel,f3_foreign_5d,f3_foreign_20d,f3_trust_5d,f3_trust_20d,f4_above_ma20,f4_ma20_up,f4_golden,f4_volume,f4_relative,f5_dd60,f5_dd120,f5_lower_half_52w,f5_stop_confirm,total,f3_direction
2330,0.93,9.84,28.0,0.0,0.62479997,47.54979565226646,3,67.72,1.47,True,-5754.608,-23433.43,806.976,9761.203,-13672.2,2375.0,2362.5,2382.5,-5.38,-5.38,-5.38,0.9,49.71,,,,,,10,6,2,4,6.0,6.0,6.0,4.0,0,0,4,2,1,0,0,0,0,1,0,0,1,61,
2454,3.55,3.39,13.0,3.0,0.036199998,6.64757118703676,3,46.2,-0.1,False,-1081.356,3059.118,-4237.711,-5325.654,-2266.5,3765.0,3815.75,4008.0,-17.43,-17.43,-18.86,0.75,46.68,,,,,,2,2,1,0,9.0,3.0,6.0,0.0,0,4,0,0,0,1,0,0,0,1,1,0,0,39,
2383,18.21,31.54,10.0,0.0,1.7845,121.57446156681948,3,33.85,4.43,False,1607.01,140.65,-917.574,490.46,631.1,5430.0,5371.0,5231.83,-14.49,-14.49,-14.49,0.825,49.62,5371.0,5532.13,5069.96,6350.0,2.35,10,6,2,0,12.0,8.0,6.0,4.0,6,4,0,2,1,1,1,0,1,1,1,0,0,83,2.0
2345,,,,,,63.14419690282685,3,19.7,0.15,False,-478.246,-3494.427,-1217.642,-1548.428,-5042.9,2070.0,2180.5,2338.25,-24.73,-24.73,-24.73,0.632,41.86,,,,,,0,6,1,0,,,,,0,0,0,0,0,0,0,0,0,1,1,0,0,16,
2891,-2.61,-0.45,0.0,0.0,0.0631,40.30449880120573,2,,,False,-32885.839,39749.681,-2010.472,8233.484,47983.2,63.599998474121094,64.97,66.83,-12.15,-12.15,-12.15,0.718,43.44,,,,,,4,6,0,0,0.0,0.0,2.0,0.0,0,4,0,2,0,1,0,1,0,1,1,0,0,34,2.0
3037,25.12,37.76,13.0,0.0,3.6364002,37.45907506213413,3,24.8,6.84,True,16212.604,46179.518,-964.706,12045.06,58224.6,1075.0,967.0,940.82,-6.11,-6.11,-6.11,0.931,59.69,967.0,996.01,912.8,1257.89,4.02,10,6,2,4,12.0,8.0,6.0,4.0,6,4,0,2,1,1,1,0,1,1,0,0,0,84,2.0
2317,6.06,6.52,2.0,1.0,0.38740003,48.62436017324646,2,6.12,-0.06,False,-33239.706,24053.371,-3241.973,-2742.901,21310.5,243.5,252.22,255.35,-21.2,-21.2,-21.2,0.461,43.37,,,,,,10,6,1,0,12.0,6.0,4.0,4.0,0,4,0,0,0,0,0,0,0,1,1,1,0,57,
3711,8.78,9.49,13.0,0.0,1.0918,34.86083522559668,3,21.0,0.93,False,6736.878,-9554.603,-11394.329,-14211.239,-23765.8,592.0,588.7,616.02,-18.57,-18.57,-18.57,0.767,47.02,,,,,,10,6,2,0,12.0,6.0,6.0,4.0,6,0,0,0,1,0,0,0,0,1,1,0,1,66,
2303,50.57,54.45,15.0,1.0,1.1115,19.872355706950398,3,32.48,3.29,True,44433.779,-53495.493,-39671.204,-93334.804,-146830.3,123.5,118.45,138.12,-30.81,-30.81,-30.81,0.601,48.54,,,,,,10,4,2,4,12.0,8.0,6.0,4.0,6,0,0,0,1,0,0,0,0,1,1,0,1,70,
2357,40.88,44.55,1.0,0.0,0.3039,39.419351041891424,3,17.17,2.3,False,84.156,20052.791,356.594,1165.273,21218.1,923.0,854.65,790.25,-7.33,-7.33,-7.33,0.854,63.28,854.65,880.29,806.75,1020.33,2.52,10,6,2,0,12.0,8.0,4.0,0.0,6,4,4,2,1,1,1,0,1,1,0,0,1,80,2.0
2382,12.79,13.54,2.0,0.0,0.4085,109.52400426986874,3,5.02,0.24,True,2850.398,-28066.289,1237.61,4742.82,-23323.5,320.0,313.65,348.46,-23.26,-23.26,-23.26,0.407,46.74,,,,,,10,6,1,4,12.0,8.0,4.0,4.0,6,0,4,2,1,0,0,0,1,1,1,1,0,78,
2308,-0.17,-2.34,8.0,9.0,0.7633,48.942264988436506,3,35.64,-1.36,True,-3743.88,-21260.881,-1000.973,1504.11,-19756.8,1735.0,1715.25,1930.25,-29.33,-29.33,-31.15,0.574,45.72,,,,,,10,6,0,4,0.0,0.0,0.0,4.0,0,0,0,2,1,0,0,0,0,1,1,0,0,38,
2881,1.39,8.49,4.0,0.0,0.2709,-131.67765566235923,3,,,False,27300.081,34444.07,-1455.273,15465.605,49909.7,132.0,128.1,126.43,-4.69,-4.69,-4.69,0.885,57.24,128.1,131.94,120.92,121.58,-0.93,7,0,0,0,6.0,6.0,4.0,0.0,6,4,0,2,1,1,1,1,1,0,0,0,1,57,2.0
6669,4.61,6.49,5.0,2.0,0.3157,29.058800136509863,3,9.26,1.71,False,-20.466,-780.629,-661.98,825.428,44.8,6205.0,6052.25,5395.42,-6.27,-6.27,-6.27,0.89,57.12,6052.25,6233.82,5713.02,8202.0,4.79,10,6,2,0,9.0,6.0,6.0,4.0,0,0,0,2,1,1,1,0,1,1,0,0,0,63,
6223,3.39,5.02,3.0,0.0,0.9589,63.126029735061195,3,58.37,-1.07,False,-287.004,-917.854,-493.731,-231.754,-1149.6,5410.0,5785.5,6111.17,-26.69,-26.69,-26.69,0.678,43.12,,,,,,10,6,0,0,9.0,6.0,4.0,4.0,0,0,0,0,0,0,0,0,0,1,1,0,1,50,
3017,4.22,5.57,3.0,0.0,1.0488,61.38066971261747,3,32.57,2.8,True,790.283,7355.371,136.275,5202.842,12558.2,2775.0,2788.0,2545.42,-14.22,-14.22,-14.22,0.8,50.87,,,,,,10,6,2,4,9.0,6.0,4.0,4.0,6,4,4,2,0,1,1,0,1,1,1,0,0,81,2.0
2327,3.5,12.88,6.0,2.0,0.6894,45.96321837084607,3,38.5,0.4,True,-11139.663,-66560.395,-4666.259,-8263.216,-74823.6,521.0,564.77,770.21,-54.3,-54.3,-54.3,0.384,36.88,,,,,,10,6,1,4,9.0,8.0,6.0,4.0,0,0,0,0,0,0,0,0,0,1,1,1,0,59,
2059,78.59,112.33,7.0,0.0,2.4982002,249.36603455798635,3,87.42,9.68,True,-167.863,-541.609,529.158,1064.648,523.0,14505.0,11519.25,8727.33,0.0,0.0,0.0,1.0,76.17,11519.25,11864.83,10873.6,14129.5,2.98,10,6,2,4,12.0,8.0,6.0,4.0,0,0,4,2,1,1,1,0,1,0,0,0,1,75,
2379,-2.89,,4.0,5.0,0.095,25.001450900345418,3,47.0,-2.65,True,-916.597,-3677.35,635.318,2295.469,-1381.9,716.0,729.55,735.5,-20.44,-20.44,-20.44,0.596,46.39,,,,,,4,6,0,4,0.0,0.0,0.0,0.0,0,0,4,2,0,0,0,0,0,1,1,0,1,31,
2887,5.03,24.45,1.0,1.0,0.45830002,131.83815167924797,2,,,True,-69332.812,-15083.386,51513.535,130677.254,115593.9,36.849998474121094,35.8,33.61,-2.38,-2.38,-2.38,0.959,57.57,35.8,36.87,33.79,28.2,-3.2,10,6,0,4,12.0,8.0,2.0,4.0,0,0,4,2,1,1,1,0,1,0,0,0,1,68,
2603,43.24,59.77,1.0,0.0,0.2237,34.825770146602615,2,22.8,7.33,True,56581.902,117261.91,873.382,4704.42,121966.3,250.0,221.28,209.32,-0.6,-0.6,-0.6,0.98,80.54,221.28,227.92,208.88,251.5,1.71,7,6,2,4,12.0,8.0,4.0,0.0,6,4,4,2,1,1,1,1,1,0,0,0,1,80,2.0
2886,1.03,8.84,6.0,0.0,0.131,7.8346629714836,2,,,False,73100.184,42743.366,9613.997,81064.898,123808.3,46.70000076293945,48.95,46.76,-12.05,-12.05,-12.05,0.566,43.48,,,,,,4,2,0,0,6.0,6.0,6.0,0.0,6,4,4,2,0,0,1,0,0,1,1,0,1,55,2.0
3665,1.6,1.23,1.0,1.0,0.4661,54.909808247760445,3,28.77,-3.16,False,-2504.935,-4492.625,-554.107,-221.226,-4713.9,2035.0,2177.75,2084.75,-14.14,-14.14,-30.78,0.55,44.33,,,,,,10,6,0,0,6.0,3.0,2.0,4.0,0,0,0,0,0,0,1,0,0,1,1,0,0,43,
2408,6.91,51.01,6.0,0.0,29.5373,690.3631109496349,3,79.49,11.6,True,9422.761,128186.743,2994.247,8316.552,136503.3,485.5,464.32,432.75,-8.05,-8.05,-8.05,0.912,53.24,464.32,478.25,438.3,528.0,1.72,10,6,2,4,12.0,8.0,6.0,4.0,6,4,4,2,1,1,1,0,1,1,1,0,1,93,2.0
3034,15.45,16.38,11.0,0.0,0.2544,18.369552863871792,3,42.42,3.36,True,3417.61,12779.521,596.436,-41.985,12737.5,542.0,525.08,513.7,-4.41,-4.41,-4.41,0.879,57.75,525.08,540.83,495.65,567.0,0.91,7,4,2,4,12.0,8.0,6.0,0.0,6,4,4,0,1,1,1,0,0,0,0,0,1,71,
2412,0.31,-0.33,1.0,1.0,0.0435,6.825613829992176,2,37.54,-0.38,True,-5014.913,19424.791,4354.566,6602.66,26027.5,136.5,137.32,139.52,-6.83,-6.83,-6.83,0.412,45.39,,,,,,2,2,1,4,6.0,0.0,2.0,0.0,0,4,4,2,0,0,0,0,0,1,0,1,1,38,2.0
3231,25.33,22.82,13.0,0.0,1.0362,51.28261164518404,3,5.66,0.45,False,-29568.545,94808.897,1085.278,11834.17,106643.1,172.5,183.7,167.48,-12.44,-12.44,-12.44,0.72,45.72,,,,,,10,6,1,0,12.0,8.0,6.0,4.0,0,4,4,2,0,1,1,0,0,1,1,0,0,74,2.0
2882,0.79,15.97,2.0,1.0,0.18270001,-660.0370088753385,0,,,False,1771.559,2111.237,-540.608,23302.812,25414.0,98.9000015258789,98.86,99.34,-14.37,-14.37,-14.37,0.693,50.65,,,,,,7,0,0,0,6.0,8.0,4.0,0.0,6,4,0,2,1,1,0,0,0,1,1,0,1,53,2.0
2880,,,,,,27.98983824813646,2,,,True,6867.588,-75701.671,9963.888,99202.979,23501.3,40.099998474121094,41.33,38.87,-8.78,-8.78,-8.78,0.768,49.04,,,,,,0,6,0,4,,,,,6,0,4,2,0,0,1,0,0,1,1,0,1,35,
5536,,,,,,18.70450147479139,3,20.64,-4.74,True,1720.543,611.85,-3179.697,-4253.729,-3641.9,820.0,934.85,1118.17,-42.86,-42.86,-42.86,0.247,29.88,,,,,,0,4,0,4,,,,,6,4,0,0,0,0,0,1,0,1,1,1,0,32,
6139,,,,,,71.7473809232668,3,21.3,2.57,False,-1243.532,-5297.311,-468.0,353.266,-4944.0,741.0,771.3,813.98,-22.41,-22.41,-22.41,0.649,40.89,,,,,,0,6,2,0,,,,,0,0,0,2,0,0,0,0,0,1,1,0,0,19,
2360,5.45,11.26,8.0,1.0,0.6298,127.12445527779977,3,60.5,-2.1,True,646.287,-1195.721,-1102.605,-771.663,-1967.4,1930.0,2077.5,2126.83,-26.34,-26.34,-26.48,0.671,41.75,,,,,,10,6,0,4,12.0,8.0,6.0,4.0,6,0,0,0,0,0,0,0,0,1,1,0,0,65,
3008,0.0,0.87,7.0,6.0,0.18360001,7.153235949255067,2,49.42,0.01,True,-1141.102,-3311.35,549.049,2021.363,-1290.0,5340.0,4693.5,4396.08,-4.81,-4.81,-4.81,0.925,64.84,4693.5,4834.31,4430.43,4864.44,0.3,7,2,1,4,6.0,3.0,6.0,0.0,0,0,4,2,1,1,1,1,1,0,0,0,0,52,
2347,,,,,,131.4250259934981,3,3.4,-0.9,False,-1538.457,7936.076,995.0,4964.911,12901.0,88.30000305175781,90.14,89.91,-9.06,-9.06,-9.06,0.788,47.19,,,,,,0,6,0,0,,,,,0,4,4,2,0,0,1,0,0,1,1,0,1,32,2.0
3045,8.94,7.7,0.0,0.0,0.15609999,5.872348498133769,3,22.16,0.6,True,41901.339,58009.909,2202.432,1026.581,59036.5,115.0,111.8,114.19,-4.56,-4.56,-4.56,0.656,61.88,,,,,,7,2,2,4,12.0,6.0,2.0,0.0,6,4,4,2,1,1,0,1,1,0,0,0,1,70,2.0
3260,,,,,,251.2615303353563,3,42.11,-13.59,False,19230.086,27933.648,-119.0,93.195,28026.8,438.5,402.2,405.82,-6.6,-6.6,-16.48,0.797,62.81,,,,,,0,6,0,0,,,,,6,4,0,2,1,1,0,1,1,1,1,0,1,43,2.0
2474,,,,,,-45.88576262756248,1,28.86,0.06,False,-1590.094,-1621.436,402.0,1083.273,-538.2,204.5,194.5,201.53,-20.43,-20.43,-20.43,0.344,61.98,,,,,,0,0,1,0,,,,,0,0,4,2,1,1,0,0,0,1,1,1,1,24,
6409,-11.86,-1.75,0.0,1.0,-0.23040001,10.601821215317216,3,25.28,-0.82,True,-20.153,85.744,115.968,178.912,264.7,1010.0,985.8,988.17,-21.71,-21.71,-21.71,0.553,50.96,,,,,,0,4,0,4,0.0,0.0,0.0,0.0,0,4,4,2,1,1,0,1,0,1,1,0,0,38,2.0
4904,,,,,,14.8312513994402,3,31.71,-1.31,True,8237.8,39385.689,19.932,1008.48,40394.2,101.5,102.25,103.05,-9.78,-9.78,-9.78,0.621,48.61,,,,,,0,4,0,4,,,,,6,4,4,2,0,0,0,0,0,1,1,0,1,37,2.0
2618,6.38,13.75,1.0,1.0,-0.0806,23.369452156169974,3,14.13,-12.09,True,38063.099,218375.49,-1329.286,-7016.285,211359.2,42.400001525878906,42.41,41.53,-5.57,-5.57,-5.57,0.798,51.99,,,,,,0,6,0,4,12.0,8.0,2.0,0.0,6,4,0,0,0,1,1,0,1,1,0,0,1,59,
2884,4.75,5.01,1.0,0.0,0.19940001,18.26885597489257,2,,,False,-51131.749,-87316.647,46167.442,94879.314,7562.7,38.79999923706055,37.79,35.72,0.0,0.0,0.0,1.0,64.95,37.79,38.92,35.67,38.2,-0.06,7,4,0,0,9.0,6.0,4.0,0.0,0,0,4,2,1,1,1,0,1,0,0,0,1,52,
2883,,,,,,-115.41180597962664,2,,,False,-16662.596,24016.646,35465.593,128640.065,152656.7,31.399999618530273,30.82,29.74,-0.79,-0.79,-0.79,0.985,56.48,30.82,31.74,29.09,31.65,0.17,0,0,0,0,,,,,0,4,4,2,1,1,1,0,1,0,0,0,1,28,2.0
2885,,,,,,130.80609279729762,2,,,True,-47958.265,-51954.008,-4270.374,19816.076,-32137.9,62.5,64.43,63.47,-9.09,-9.09,-9.09,0.834,45.12,,,,,,0,6,0,4,,,,,0,0,0,2,0,1,1,0,0,1,1,0,1,28,
1303,,,,,,35.890041671841146,2,18.92,6.98,False,-42245.59,-119636.093,4859.513,2268.562,-117367.5,179.5,180.55,165.91,-21.1,-21.1,-21.1,0.748,48.42,,,,,,0,6,2,0,,,,,0,0,4,2,0,1,1,0,0,1,1,0,0,28,
2890,0.0,23.01,3.0,0.0,0.4918,61.64412171716176,2,,,False,-24408.978,13827.635,21157.835,58449.034,72276.7,39.25,39.45,38.03,-4.45,-4.45,-4.45,0.9,50.66,,,,,,10,6,0,0,6.0,8.0,4.0,4.0,0,4,4,2,0,1,1,0,1,0,0,0,0,61,2.0
2344,14.57,36.16,4.0,0.0,27.8722,221.13076149392126,3,66.25,12.88,True,30168.75,90395.019,-21140.649,-58246.707,32148.3,170.0,165.38,174.17,-23.42,-23.42,-23.42,0.745,50.07,,,,,,10,6,2,4,12.0,8.0,4.0,4.0,6,4,0,0,1,1,0,0,0,1,1,0,1,77,
