ticker,type_label,timestamp,tier,score,hard_rejected,c1,c2,c3,c4,c5,c6,c7,c8,c9,c10,c11,c12,c13,c14,c15,c16,c17,c18,c19,c20,exit_signals,close,ma20,ma60,vol_ratio,detail_score,exchange
2330,,2026-06-12 04:19,EXIT,50,True,True,False,True,False,True,True,True,False,True,True,False,True,False,False,False,False,True,False,False,False,E1: 多頭破月線(前30日曾站上),2250.0,2290.4,2115.5,0.92,c1=✅10 c2=❌5 c3=✅5 c4=❌10 c5=✅5 c6=✅5 c7=✅10 c9=✅5 c10=✅5 c11=❌10 c12=✅5 c13=❌5 c14=❌5 c15=❌5 c18=❌10 c19_bonus=❌5,TW
2454,,2026-06-12 04:19,OUT,55,True,True,True,True,True,True,True,False,False,True,True,False,True,False,False,False,False,True,False,False,False,,4085.0,4073.2,2826.3,1.11,c1=✅10 c2=✅5 c3=✅5 c4=✅10 c5=✅5 c6=✅5 c7=❌10 c9=✅5 c10=✅5 c11=❌10 c12=✅5 c13=❌5 c14=❌5 c15=❌5 c18=❌10 c19_bonus=❌5,TW
2317,,2026-06-12 04:19,EXIT,45,True,True,False,True,False,True,False,True,False,True,True,False,True,False,False,False,False,True,False,False,False,E1: 多頭破月線(前30日曾站上),258.5,268.3,233.1,0.99,c1=✅10 c2=❌5 c3=✅5 c4=❌10 c5=✅5 c6=❌5 c7=✅10 c9=✅5 c10=✅5 c11=❌10 c12=✅5 c13=❌5 c14=❌5 c15=❌5 c18=❌10 c19_bonus=❌5,TW
2330,,2026-06-15 09:07,OUT,55,True,True,True,True,False,True,True,True,False,True,True,False,True,False,False,False,False,True,False,False,False,,2310.0,2293.0,2123.0,0.61,c1=✅10 c2=✅5 c3=✅5 c4=❌10 c5=✅5 c6=✅5 c7=✅10 c9=✅5 c10=✅5 c11=❌10 c12=✅5 c13=❌5 c14=❌5 c15=❌5 c18=❌10 c19_bonus=❌5,TW
3037,,2026-06-15 09:07,EXIT,50,True,True,False,True,False,True,True,True,False,True,True,False,True,False,False,False,False,True,False,False,False,E1: 多頭破月線(前30日曾站上),902.0,950.8,773.5,0.68,c1=✅10 c2=❌5 c3=✅5 c4=❌10 c5=✅5 c6=✅5 c7=✅10 c9=✅5 c10=✅5 c11=❌10 c12=✅5 c13=❌5 c14=❌5 c15=❌5 c18=❌10 c19_bonus=❌5,TW
2412,,2026-06-15 09:07,OUT,55,True,True,True,True,False,True,True,True,False,True,True,False,True,False,False,False,False,True,False,False,False,,145.0,139.8,137.0,0.59,c1=✅10 c2=✅5 c3=✅5 c4=❌10 c5=✅5 c6=✅5 c7=✅10 c9=✅5 c10=✅5 c11=❌10 c12=✅5 c13=❌5 c14=❌5 c15=❌5 c18=❌10 c19_bonus=❌5,TW
2360,,2026-06-15 09:07,EXIT,50,True,True,False,True,False,True,True,True,False,True,True,False,True,False,False,False,False,True,False,False,False,E1: 多頭破月線(前30日曾站上),2295.0,2389.2,2081.5,0.54,c1=✅10 c2=❌5 c3=✅5 c4=❌10 c5=✅5 c6=✅5 c7=✅10 c9=✅5 c10=✅5 c11=❌10 c12=✅5 c13=❌5 c14=❌5 c15=❌5 c18=❌10 c19_bonus=❌5,TW
1303,,2026-06-15 09:07,OUT,55,True,True,True,True,False,True,True,True,False,True,True,False,True,False,False,False,False,True,False,False,False,,106.5,96.3,88.6,0.97,c1=✅10 c2=✅5 c3=✅5 c4=❌10 c5=✅5 c6=✅5 c7=✅10 c9=✅5 c10=✅5 c11=❌10 c12=✅5 c13=❌5 c14=❌5 c15=❌5 c18=❌10 c19_bonus=❌5,TW
3045,,2026-06-15 09:07,OUT,35,True,True,True,False,False,True,False,False,False,True,True,False,True,False,False,False,False,True,False,False,False,,119.5,114.6,112.0,0.73,c1=✅10 c2=✅5 c3=❌5 c4=❌10 c5=✅5 c6=❌5 c7=❌10 c9=✅5 c10=✅5 c11=❌10 c12=✅5 c13=❌5 c14=❌5 c15=❌5 c18=❌10 c19_bonus=❌5,TW
6446,,2026-06-15 09:07,OUT,50,True,True,True,False,False,True,True,True,False,True,True,False,True,False,False,False,False,True,False,False,False,,949.0,890.4,735.0,0.48,c1=✅10 c2=✅5 c3=❌5 c4=❌10 c5=✅5 c6=✅5 c7=✅10 c9=✅5 c10=✅5 c11=❌10 c12=✅5 c13=❌5 c14=❌5 c15=❌5 c18=❌10 c19_bonus=❌5,TW
1590,,2026-06-15 09:07,EXIT,60,True,True,False,True,True,True,True,True,False,True,True,False,True,False,False,False,False,True,False,False,False,E1: 多頭破月線(前30日曾站上),1290.0,1365.5,1276.4,1.12,c1=✅10 c2=❌5 c3=✅5 c4=✅10 c5=✅5 c6=✅5 c7=✅10 c9=✅5 c10=✅5 c11=❌10 c12=✅5 c13=❌5 c14=❌5 c15=❌5 c18=❌10 c19_bonus=❌5,TW
1717,,2026-06-15 09:07,EXIT,30,True,False,False,True,False,False,False,True,False,True,True,False,True,False,False,False,False,True,False,False,False,E1: 多頭破月線(前30日曾站上),70.4,76.9,74.1,0.58,c1=❌10 c2=❌5 c3=✅5 c4=❌10 c5=❌5 c6=❌5 c7=✅10 c9=✅5 c10=✅5 c11=❌10 c12=✅5 c13=❌5 c14=❌5 c15=❌5 c18=❌10 c19_bonus=❌5,TW
1229,,2026-06-15 09:07,EXIT,35,True,False,True,True,False,True,True,False,False,True,True,False,True,False,False,False,False,True,False,False,False,E3: 跌破季線+季線走平/向下,41.7,40.5,42.3,0.73,c1=❌10 c2=✅5 c3=✅5 c4=❌10 c5=✅5 c6=✅5 c7=❌10 c9=✅5 c10=✅5 c11=❌10 c12=✅5 c13=❌5 c14=❌5 c15=❌5 c18=❌10 c19_bonus=❌5,TW
8926,,2026-06-15 09:07,OUT,55,True,True,True,True,False,True,True,True,False,True,True,False,True,False,False,False,False,True,False,False,False,,74.2,67.3,53.3,0.79,c1=✅10 c2=✅5 c3=✅5 c4=❌10 c5=✅5 c6=✅5 c7=✅10 c9=✅5 c10=✅5 c11=❌10 c12=✅5 c13=❌5 c14=❌5 c15=❌5 c18=❌10 c19_bonus=❌5,TW
2606,,2026-06-15 09:07,EXIT,45,True,True,False,True,False,True,False,True,False,True,True,False,True,False,False,False,False,True,False,False,False,E1: 多頭破月線(前30日曾站上),68.3,68.5,63.8,0.83,c1=✅10 c2=❌5 c3=✅5 c4=❌10 c5=✅5 c6=❌5 c7=✅10 c9=✅5 c10=✅5 c11=❌10 c12=✅5 c13=❌5 c14=❌5 c15=❌5 c18=❌10 c19_bonus=❌5,TW
2481,,2026-06-15 09:07,EXIT,50,True,True,False,True,False,True,True,True,False,True,True,False,True,False,False,False,False,True,False,False,False,E1: 多頭破月線(前30日曾站上),145.0,145.0,116.0,1.0,c1=✅10 c2=❌5 c3=✅5 c4=❌10 c5=✅5 c6=✅5 c7=✅10 c9=✅5 c10=✅5 c11=❌10 c12=✅5 c13=❌5 c14=❌5 c15=❌5 c18=❌10 c19_bonus=❌5,TW
1907,,2026-06-15 09:07,OUT,35,True,True,True,False,False,True,False,False,False,True,True,False,True,False,False,False,False,True,False,False,False,,25.8,24.9,25.0,0.59,c1=✅10 c2=✅5 c3=❌5 c4=❌10 c5=✅5 c6=❌5 c7=❌10 c9=✅5 c10=✅5 c11=❌10 c12=✅5 c13=❌5 c14=❌5 c15=❌5 c18=❌10 c19_bonus=❌5,TW
5234,,2026-06-15 09:07,EXIT,30,True,False,False,True,False,True,True,False,False,True,True,False,True,False,False,False,False,True,False,False,False,"E1: 多頭破月線(前30日曾站上), E3: 跌破季線+季線走平/向下",390.5,407.1,404.6,0.45,c1=❌10 c2=❌5 c3=✅5 c4=❌10 c5=✅5 c6=✅5 c7=❌10 c9=✅5 c10=✅5 c11=❌10 c12=✅5 c13=❌5 c14=❌5 c15=❌5 c18=❌10 c19_bonus=❌5,TW
4576,,2026-06-15 09:07,EXIT,50,True,True,False,True,False,True,True,True,False,True,True,False,True,False,False,False,False,True,False,False,False,E1: 多頭破月線(前30日曾站上),202.0,241.0,202.0,0.79,c1=✅10 c2=❌5 c3=✅5 c4=❌10 c5=✅5 c6=✅5 c7=✅10 c9=✅5 c10=✅5 c11=❌10 c12=✅5 c13=❌5 c14=❌5 c15=❌5 c18=❌10 c19_bonus=❌5,TW
2707,,2026-06-15 09:07,OUT,35,True,True,True,False,False,True,False,False,False,True,True,False,True,False,False,False,False,True,False,False,False,,179.5,175.5,175.2,0.61,c1=✅10 c2=✅5 c3=❌5 c4=❌10 c5=✅5 c6=❌5 c7=❌10 c9=✅5 c10=✅5 c11=❌10 c12=✅5 c13=❌5 c14=❌5 c15=❌5 c18=❌10 c19_bonus=❌5,TW
9937,,2026-06-15 09:07,EXIT,35,True,False,False,True,False,True,False,True,False,True,True,False,True,False,False,False,False,True,False,False,False,"E1: 多頭破月線(前30日曾站上), E3: 跌破季線+季線走平/向下",55.6,55.7,56.4,0.45,c1=❌10 c2=❌5 c3=✅5 c4=❌10 c5=✅5 c6=❌5 c7=✅10 c9=✅5 c10=✅5 c11=❌10 c12=✅5 c13=❌5 c14=❌5 c15=❌5 c18=❌10 c19_bonus=❌5,TW
1712,,2026-06-15 09:07,EXIT,35,True,False,True,True,False,True,True,False,False,True,True,False,True,False,False,False,False,True,False,False,False,E3: 跌破季線+季線走平/向下,39.8,39.6,41.8,0.53,c1=❌10 c2=✅5 c3=✅5 c4=❌10 c5=✅5 c6=✅5 c7=❌10 c9=✅5 c10=✅5 c11=❌10 c12=✅5 c13=❌5 c14=❌5 c15=❌5 c18=❌10 c19_bonus=❌5,TW
2031,,2026-06-15 09:07,OUT,55,True,True,True,False,True,True,False,True,False,True,True,False,True,False,False,False,False,True,False,False,False,,39.2,37.7,37.7,1.28,c1=✅10 c2=✅5 c3=❌5 c4=✅10 c5=✅5 c6=❌5 c7=✅10 c9=✅5 c10=✅5 c11=❌10 c12=✅5 c13=❌5 c14=❌5 c15=❌5 c18=❌10 c19_bonus=❌5,TW
2612,,2026-06-15 09:07,OUT,30,True,False,True,True,False,True,False,False,False,True,True,False,True,False,False,False,False,True,False,False,False,,55.4,55.0,54.4,0.67,c1=❌10 c2=✅5 c3=✅5 c4=❌10 c5=✅5 c6=❌5 c7=❌10 c9=✅5 c10=✅5 c11=❌10 c12=✅5 c13=❌5 c14=❌5 c15=❌5 c18=❌10 c19_bonus=❌5,TW
2423,,2026-06-15 09:07,EXIT,50,True,True,False,True,False,True,True,True,False,True,True,False,True,False,False,False,False,True,False,False,False,E1: 多頭破月線(前30日曾站上),74.9,77.5,62.5,0.67,c1=✅10 c2=❌5 c3=✅5 c4=❌10 c5=✅5 c6=✅5 c7=✅10 c9=✅5 c10=✅5 c11=❌10 c12=✅5 c13=❌5 c14=❌5 c15=❌5 c18=❌10 c19_bonus=❌5,TW
1614,,2026-06-15 09:07,EXIT,35,True,False,True,True,False,True,True,False,False,True,True,False,True,False,False,False,False,True,False,False,False,E3: 跌破季線+季線走平/向下,31.8,31.6,31.9,0.66,c1=❌10 c2=✅5 c3=✅5 c4=❌10 c5=✅5 c6=✅5 c7=❌10 c9=✅5 c10=✅5 c11=❌10 c12=✅5 c13=❌5 c14=❌5 c15=❌5 c18=❌10 c19_bonus=❌5,TW
2536,,2026-06-15 09:07,OUT,40,True,False,True,False,True,True,False,True,False,False,True,False,True,False,False,False,False,True,False,False,False,,22.0,20.2,21.3,1.43,c1=❌10 c2=✅5 c3=❌5 c4=✅10 c5=✅5 c6=❌5 c7=✅10 c9=❌5 c10=✅5 c11=❌10 c12=✅5 c13=❌5 c14=❌5 c15=❌5 c18=❌10 c19_bonus=❌5,TW
2614,,2026-06-15 09:07,EXIT,30,True,False,True,True,False,True,False,False,False,True,True,False,True,False,False,False,False,True,False,False,False,E3: 跌破季線+季線走平/向下,19.2,18.6,19.7,0.72,c1=❌10 c2=✅5 c3=✅5 c4=❌10 c5=✅5 c6=❌5 c7=❌10 c9=✅5 c10=✅5 c11=❌10 c12=✅5 c13=❌5 c14=❌5 c15=❌5 c18=❌10 c19_bonus=❌5,TW
2706,,2026-06-15 09:07,EXIT,25,True,False,True,True,False,True,True,False,False,False,False,False,True,False,False,False,False,True,False,False,False,E3: 跌破季線+季線走平/向下,12.2,12.1,12.3,0.65,c1=❌10 c2=✅5 c3=✅5 c4=❌10 c5=✅5 c6=✅5 c7=❌10 c9=❌5 c10=❌5 c11=❌10 c12=✅5 c13=❌5 c14=❌5 c15=❌5 c18=❌10 c19_bonus=❌5,TW
2008,,2026-06-15 09:07,OUT,35,True,True,True,False,False,True,False,False,False,True,True,False,True,False,False,False,False,True,False,False,False,,30.0,28.8,28.0,0.17,c1=✅10 c2=✅5 c3=❌5 c4=❌10 c5=✅5 c6=❌5 c7=❌10 c9=✅5 c10=✅5 c11=❌10 c12=✅5 c13=❌5 c14=❌5 c15=❌5 c18=❌10 c19_bonus=❌5,TW
2453,,2026-06-15 09:07,EXIT,35,True,True,False,True,False,True,False,False,False,True,True,False,True,False,False,False,False,True,False,False,False,E1: 多頭破月線(前30日曾站上),56.4,58.7,55.5,0.71,c1=✅10 c2=❌5 c3=✅5 c4=❌10 c5=✅5 c6=❌5 c7=❌10 c9=✅5 c10=✅5 c11=❌10 c12=✅5 c13=❌5 c14=❌5 c15=❌5 c18=❌10 c19_bonus=❌5,TW
2442,,2026-06-15 09:07,OUT,20,True,False,True,False,False,True,False,False,False,False,True,False,True,False,False,False,False,True,False,False,False,,19.9,19.0,19.3,0.84,c1=❌10 c2=✅5 c3=❌5 c4=❌10 c5=✅5 c6=❌5 c7=❌10 c9=❌5 c10=✅5 c11=❌10 c12=✅5 c13=❌5 c14=❌5 c15=❌5 c18=❌10 c19_bonus=❌5,TW
6168,,2026-06-15 09:07,EXIT,40,True,False,False,True,True,True,True,False,False,True,True,False,True,False,False,False,False,True,False,False,False,E1: 多頭破月線(前30日曾站上),26.0,26.9,26.3,1.34,c1=❌10 c2=❌5 c3=✅5 c4=✅10 c5=✅5 c6=✅5 c7=❌10 c9=✅5 c10=✅5 c11=❌10 c12=✅5 c13=❌5 c14=❌5 c15=❌5 c18=❌10 c19_bonus=❌5,TW
3530,,2026-06-15 09:07,EXIT,40,True,False,False,True,False,True,True,True,False,True,True,False,True,False,False,False,False,True,False,False,False,E1: 多頭破月線(前30日曾站上),63.0,66.2,63.9,0.58,c1=❌10 c2=❌5 c3=✅5 c4=❌10 c5=✅5 c6=✅5 c7=✅10 c9=✅5 c10=✅5 c11=❌10 c12=✅5 c13=❌5 c14=❌5 c15=❌5 c18=❌10 c19_bonus=❌5,TW
3046,,2026-06-15 09:07,OUT,40,True,True,True,True,False,True,False,False,False,True,True,False,True,False,False,False,False,True,False,False,False,,56.6,56.2,51.1,0.65,c1=✅10 c2=✅5 c3=✅5 c4=❌10 c5=✅5 c6=❌5 c7=❌10 c9=✅5 c10=✅5 c11=❌10 c12=✅5 c13=❌5 c14=❌5 c15=❌5 c18=❌10 c19_bonus=❌5,TW
6994,,2026-06-15 09:07,EXIT,25,True,False,False,True,False,True,False,True,False,False,False,False,True,False,False,False,False,True,False,False,False,"E1: 多頭破月線(前30日曾站上), E3: 跌破季線+季線走平/向下",56.6,58.7,64.8,0.68,c1=❌10 c2=❌5 c3=✅5 c4=❌10 c5=✅5 c6=❌5 c7=✅10 c9=❌5 c10=❌5 c11=❌10 c12=✅5 c13=❌5 c14=❌5 c15=❌5 c18=❌10 c19_bonus=❌5,TW
4439,,2026-06-15 09:07,EXIT,45,True,False,False,True,True,True,False,True,False,True,True,False,True,False,False,False,False,True,False,False,False,E1: 多頭破月線(前30日曾站上),90.1,91.1,92.9,1.09,c1=❌10 c2=❌5 c3=✅5 c4=✅10 c5=✅5 c6=❌5 c7=✅10 c9=✅5 c10=✅5 c11=❌10 c12=✅5 c13=❌5 c14=❌5 c15=❌5 c18=❌10 c19_bonus=❌5,TW
1451,,2026-06-15 09:07,EXIT,35,True,False,True,True,False,True,True,False,False,True,True,False,True,False,False,False,False,True,False,False,False,E3: 跌破季線+季線走平/向下,16.7,16.6,16.9,0.32,c1=❌10 c2=✅5 c3=✅5 c4=❌10 c5=✅5 c6=✅5 c7=❌10 c9=✅5 c10=✅5 c11=❌10 c12=✅5 c13=❌5 c14=❌5 c15=❌5 c18=❌10 c19_bonus=❌5,TW
1530,,2026-06-15 09:07,EXIT,40,True,True,False,True,False,True,True,False,False,True,True,False,True,False,False,False,False,True,False,False,False,E1: 多頭破月線(前30日曾站上),30.6,31.2,28.2,0.75,c1=✅10 c2=❌5 c3=✅5 c4=❌10 c5=✅5 c6=✅5 c7=❌10 c9=✅5 c10=✅5 c11=❌10 c12=✅5 c13=❌5 c14=❌5 c15=❌5 c18=❌10 c19_bonus=❌5,TW
1617,,2026-06-15 09:07,OUT,55,True,True,True,True,False,True,True,True,False,True,True,False,True,False,False,False,False,True,False,False,False,,16.4,15.6,15.2,0.94,c1=✅10 c2=✅5 c3=✅5 c4=❌10 c5=✅5 c6=✅5 c7=✅10 c9=✅5 c10=✅5 c11=❌10 c12=✅5 c13=❌5 c14=❌5 c15=❌5 c18=❌10 c19_bonus=❌5,TW
2243,,2026-06-15 09:07,OUT,55,True,True,True,False,True,True,False,True,False,True,True,False,True,False,False,False,False,True,False,False,False,,37.2,26.6,24.0,1.42,c1=✅10 c2=✅5 c3=❌5 c4=✅10 c5=✅5 c6=❌5 c7=✅10 c9=✅5 c10=✅5 c11=❌10 c12=✅5 c13=❌5 c14=❌5 c15=❌5 c18=❌10 c19_bonus=❌5,TW
4560,,2026-06-15 09:07,EXIT,45,True,False,True,True,False,True,True,True,False,True,True,False,True,False,False,False,False,True,False,False,False,E3: 跌破季線+季線走平/向下,32.5,32.5,33.5,0.86,c1=❌10 c2=✅5 c3=✅5 c4=❌10 c5=✅5 c6=✅5 c7=✅10 c9=✅5 c10=✅5 c11=❌10 c12=✅5 c13=❌5 c14=❌5 c15=❌5 c18=❌10 c19_bonus=❌5,TW
3607,,2026-06-15 09:07,OUT,40,True,True,True,False,False,True,True,False,False,True,True,False,True,False,False,False,False,True,False,False,False,,16.3,15.9,15.0,0.55,c1=✅10 c2=✅5 c3=❌5 c4=❌10 c5=✅5 c6=✅5 c7=❌10 c9=✅5 c10=✅5 c11=❌10 c12=✅5 c13=❌5 c14=❌5 c15=❌5 c18=❌10 c19_bonus=❌5,TW
9944,,2026-06-15 09:07,OUT,45,True,True,True,True,False,True,True,False,False,True,True,False,True,False,False,False,False,True,False,False,False,,17.4,17.0,16.7,0.68,c1=✅10 c2=✅5 c3=✅5 c4=❌10 c5=✅5 c6=✅5 c7=❌10 c9=✅5 c10=✅5 c11=❌10 c12=✅5 c13=❌5 c14=❌5 c15=❌5 c18=❌10 c19_bonus=❌5,TW
4133,,2026-06-15 09:07,EXIT,25,True,False,False,True,False,True,True,False,False,False,True,False,True,False,False,False,False,True,False,False,False,"E1: 多頭破月線(前30日曾站上), E3: 跌破季線+季線走平/向下",20.6,21.0,21.9,0.46,c1=❌10 c2=❌5 c3=✅5 c4=❌10 c5=✅5 c6=✅5 c7=❌10 c9=❌5 c10=✅5 c11=❌10 c12=✅5 c13=❌5 c14=❌5 c15=❌5 c18=❌10 c19_bonus=❌5,TW
6573,,2026-06-15 09:07,EXIT,30,True,True,False,True,False,False,False,False,False,True,True,False,True,False,False,False,False,True,False,False,False,E1: 多頭破月線(前30日曾站上),14.7,14.9,13.6,0.8,c1=✅10 c2=❌5 c3=✅5 c4=❌10 c5=❌5 c6=❌5 c7=❌10 c9=✅5 c10=✅5 c11=❌10 c12=✅5 c13=❌5 c14=❌5 c15=❌5 c18=❌10 c19_bonus=❌5,TW
4440,,2026-06-15 09:07,EXIT,30,True,False,False,True,False,True,True,False,False,True,True,False,True,False,False,False,False,True,False,False,False,E1: 多頭破月線(前30日曾站上),17.1,17.9,17.8,0.42,c1=❌10 c2=❌5 c3=✅5 c4=❌10 c5=✅5 c6=✅5 c7=❌10 c9=✅5 c10=✅5 c11=❌10 c12=✅5 c13=❌5 c14=❌5 c15=❌5 c18=❌10 c19_bonus=❌5,TW
8940,,2026-06-15 09:07,EXIT,30,True,False,True,True,False,True,False,False,False,True,True,False,True,False,False,False,False,True,False,False,False,E3: 跌破季線+季線走平/向下,16.8,16.7,17.6,0.75,c1=❌10 c2=✅5 c3=✅5 c4=❌10 c5=✅5 c6=❌5 c7=❌10 c9=✅5 c10=✅5 c11=❌10 c12=✅5 c13=❌5 c14=❌5 c15=❌5 c18=❌10 c19_bonus=❌5,TW
2380,,2026-06-15 09:07,OUT,60,True,True,True,True,True,True,False,True,False,True,True,False,True,False,False,False,False,True,False,False,False,,6.4,5.8,5.7,3.01,c1=✅10 c2=✅5 c3=✅5 c4=✅10 c5=✅5 c6=❌5 c7=✅10 c9=✅5 c10=✅5 c11=❌10 c12=✅5 c13=❌5 c14=❌5 c15=❌5 c18=❌10 c19_bonus=❌5,TW
9921,,2026-06-15 09:23,OUT,45,True,True,True,True,True,False,False,False,False,True,True,False,True,False,False,False,False,True,False,False,False,,75.4,70.7,70.2,1.08,c1=✅10 c2=✅5 c3=✅5 c4=✅10 c5=❌5 c6=❌5 c7=❌10 c9=✅5 c10=✅5 c11=❌10 c12=✅5 c13=❌5 c14=❌5 c15=❌5 c18=❌10 c19_bonus=❌5,TW
2363,,2026-06-15 09:23,EXIT,60,True,True,False,True,True,True,True,True,False,True,True,False,True,False,False,False,False,True,False,False,False,E1: 多頭破月線(前30日曾站上),58.5,62.8,56.2,1.11,c1=✅10 c2=❌5 c3=✅5 c4=✅10 c5=✅5 c6=✅5 c7=✅10 c9=✅5 c10=✅5 c11=❌10 c12=✅5 c13=❌5 c14=❌5 c15=❌5 c18=❌10 c19_bonus=❌5,TW
6269,,2026-06-15 09:23,OUT,40,True,True,True,True,False,False,True,False,False,True,True,False,True,False,False,False,False,True,False,False,False,,72.3,65.4,63.5,0.9,c1=✅10 c2=✅5 c3=✅5 c4=❌10 c5=❌5 c6=✅5 c7=❌10 c9=✅5 c10=✅5 c11=❌10 c12=✅5 c13=❌5 c14=❌5 c15=❌5 c18=❌10 c19_bonus=❌5,TW
1440,,2026-06-15 09:23,EXIT,35,True,True,True,False,False,False,True,False,False,True,True,False,True,False,False,False,False,True,False,False,False,E5: 連3日量縮<60%5MA+價穩在月線上,13.2,12.7,12.8,0.54,c1=✅10 c2=✅5 c3=❌5 c4=❌10 c5=❌5 c6=✅5 c7=❌10 c9=✅5 c10=✅5 c11=❌10 c12=✅5 c13=❌5 c14=❌5 c15=❌5 c18=❌10 c19_bonus=❌5,TW
1313,,2026-06-15 09:23,EXIT,40,True,False,True,True,True,True,False,False,False,True,True,False,True,False,False,False,False,True,False,False,False,E3: 跌破季線+季線走平/向下,11.2,10.9,11.6,1.01,c1=❌10 c2=✅5 c3=✅5 c4=✅10 c5=✅5 c6=❌5 c7=❌10 c9=✅5 c10=✅5 c11=❌10 c12=✅5 c13=❌5 c14=❌5 c15=❌5 c18=❌10 c19_bonus=❌5,TW
1312,,2026-06-15 09:23,OUT,20,True,False,True,False,False,False,False,False,False,True,True,False,True,False,False,False,False,True,False,False,False,,12.9,12.0,12.6,0.59,c1=❌10 c2=✅5 c3=❌5 c4=❌10 c5=❌5 c6=❌5 c7=❌10 c9=✅5 c10=✅5 c11=❌10 c12=✅5 c13=❌5 c14=❌5 c15=❌5 c18=❌10 c19_bonus=❌5,TW
2104,,2026-06-15 09:23,EXIT,35,True,False,True,True,True,False,False,False,False,True,True,False,True,False,False,False,False,True,False,False,False,E3: 跌破季線+季線走平/向下,10.4,10.3,11.0,1.17,c1=❌10 c2=✅5 c3=✅5 c4=✅10 c5=❌5 c6=❌5 c7=❌10 c9=✅5 c10=✅5 c11=❌10 c12=✅5 c13=❌5 c14=❌5 c15=❌5 c18=❌10 c19_bonus=❌5,TW
2913,,2026-06-15 09:23,EXIT,25,True,False,True,True,False,False,True,False,False,False,True,False,True,False,False,False,False,True,False,False,False,E3: 跌破季線+季線走平/向下,11.2,11.0,11.6,0.42,c1=❌10 c2=✅5 c3=✅5 c4=❌10 c5=❌5 c6=✅5 c7=❌10 c9=❌5 c10=✅5 c11=❌10 c12=✅5 c13=❌5 c14=❌5 c15=❌5 c18=❌10 c19_bonus=❌5,TW
1702,,2026-06-15 09:23,EXIT,30,True,False,True,True,False,True,False,False,False,True,True,False,True,False,False,False,False,True,False,False,False,E3: 跌破季線+季線走平/向下,31.5,31.3,33.0,0.93,c1=❌10 c2=✅5 c3=✅5 c4=❌10 c5=✅5 c6=❌5 c7=❌10 c9=✅5 c10=✅5 c11=❌10 c12=✅5 c13=❌5 c14=❌5 c15=❌5 c18=❌10 c19_bonus=❌5,TW
3056,,2026-06-15 09:23,OUT,45,True,False,True,True,True,True,True,False,False,True,True,False,True,False,False,False,False,True,False,False,False,,15.1,13.9,14.2,1.16,c1=❌10 c2=✅5 c3=✅5 c4=✅10 c5=✅5 c6=✅5 c7=❌10 c9=✅5 c10=✅5 c11=❌10 c12=✅5 c13=❌5 c14=❌5 c15=❌5 c18=❌10 c19_bonus=❌5,TW
5608,,2026-06-15 09:23,EXIT,35,True,False,True,True,True,False,False,False,False,True,True,False,True,False,False,False,False,True,False,False,False,E3: 跌破季線+季線走平/向下,15.1,14.6,15.5,1.38,c1=❌10 c2=✅5 c3=✅5 c4=✅10 c5=❌5 c6=❌5 c7=❌10 c9=✅5 c10=✅5 c11=❌10 c12=✅5 c13=❌5 c14=❌5 c15=❌5 c18=❌10 c19_bonus=❌5,TW
2601,,2026-06-15 09:23,OUT,20,True,False,True,False,False,False,True,False,False,False,True,False,True,False,False,False,False,True,False,False,False,,5.8,5.5,5.5,0.84,c1=❌10 c2=✅5 c3=❌5 c4=❌10 c5=❌5 c6=✅5 c7=❌10 c9=❌5 c10=✅5 c11=❌10 c12=✅5 c13=❌5 c14=❌5 c15=❌5 c18=❌10 c19_bonus=❌5,TW
1310,,2026-06-15 09:23,EXIT,25,True,False,True,False,False,False,True,False,False,True,True,False,True,False,False,False,False,True,False,False,False,E3: 跌破季線+季線走平/向下,8.5,8.4,9.5,0.87,c1=❌10 c2=✅5 c3=❌5 c4=❌10 c5=❌5 c6=✅5 c7=❌10 c9=✅5 c10=✅5 c11=❌10 c12=✅5 c13=❌5 c14=❌5 c15=❌5 c18=❌10 c19_bonus=❌5,TW
9934,,2026-06-15 09:23,OUT,35,True,True,True,False,False,True,False,False,False,True,True,False,True,False,False,False,False,True,False,False,False,,10.5,10.1,9.7,0.63,c1=✅10 c2=✅5 c3=❌5 c4=❌10 c5=✅5 c6=❌5 c7=❌10 c9=✅5 c10=✅5 c11=❌10 c12=✅5 c13=❌5 c14=❌5 c15=❌5 c18=❌10 c19_bonus=❌5,TW
6477,,2026-06-15 09:23,EXIT,30,True,False,False,True,True,False,False,False,False,True,True,False,True,False,False,False,False,True,False,False,False,"E1: 多頭破月線(前30日曾站上), E3: 跌破季線+季線走平/向下",33.5,33.8,34.2,1.5,c1=❌10 c2=❌5 c3=✅5 c4=✅10 c5=❌5 c6=❌5 c7=❌10 c9=✅5 c10=✅5 c11=❌10 c12=✅5 c13=❌5 c14=❌5 c15=❌5 c18=❌10 c19_bonus=❌5,TW
2017,,2026-06-15 09:23,OUT,35,True,False,True,True,True,False,False,False,False,True,True,False,True,False,False,False,False,True,False,False,False,,9.7,9.1,9.3,1.83,c1=❌10 c2=✅5 c3=✅5 c4=✅10 c5=❌5 c6=❌5 c7=❌10 c9=✅5 c10=✅5 c11=❌10 c12=✅5 c13=❌5 c14=❌5 c15=❌5 c18=❌10 c19_bonus=❌5,TW
3024,,2026-06-15 09:23,EXIT,30,True,False,False,True,False,True,True,False,False,True,True,False,True,False,False,False,False,True,False,False,False,E1: 多頭破月線(前30日曾站上),12.4,14.8,13.0,0.74,c1=❌10 c2=❌5 c3=✅5 c4=❌10 c5=✅5 c6=✅5 c7=❌10 c9=✅5 c10=✅5 c11=❌10 c12=✅5 c13=❌5 c14=❌5 c15=❌5 c18=❌10 c19_bonus=❌5,TW
6269,,2026-06-15 09:33,OUT,40,True,True,True,True,False,False,True,False,False,True,True,False,True,False,False,False,False,True,False,False,False,,72.3,65.4,63.5,0.9,c1=✅10 c2=✅5 c3=✅5 c4=❌10 c5=❌5 c6=✅5 c7=❌10 c9=✅5 c10=✅5 c11=❌10 c12=✅5 c13=❌5 c14=❌5 c15=❌5 c18=❌10 c19_bonus=❌5,TW
9921,,2026-06-15 09:33,OUT,45,True,True,True,True,True,False,False,False,False,True,True,False,True,False,False,False,False,True,False,False,False,,75.4,70.7,70.2,1.08,c1=✅10 c2=✅5 c3=✅5 c4=✅10 c5=❌5 c6=❌5 c7=❌10 c9=✅5 c10=✅5 c11=❌10 c12=✅5 c13=❌5 c14=❌5 c15=❌5 c18=❌10 c19_bonus=❌5,TW
2104,,2026-06-15 09:33,EXIT,35,True,False,True,True,True,False,False,False,False,True,True,False,True,False,False,False,False,True,False,False,False,E3: 跌破季線+季線走平/向下,10.4,10.3,11.0,1.17,c1=❌10 c2=✅5 c3=✅5 c4=✅10 c5=❌5 c6=❌5 c7=❌10 c9=✅5 c10=✅5 c11=❌10 c12=✅5 c13=❌5 c14=❌5 c15=❌5 c18=❌10 c19_bonus=❌5,TW
2913,,2026-06-15 09:33,EXIT,25,True,False,True,True,False,False,True,False,False,False,True,False,True,False,False,False,False,True,False,False,False,E3: 跌破季線+季線走平/向下,11.2,11.0,11.6,0.42,c1=❌10 c2=✅5 c3=✅5 c4=❌10 c5=❌5 c6=✅5 c7=❌10 c9=❌5 c10=✅5 c11=❌10 c12=✅5 c13=❌5 c14=❌5 c15=❌5 c18=❌10 c19_bonus=❌5,TW
5608,,2026-06-15 09:33,EXIT,35,True,False,True,True,True,False,False,False,False,True,True,False,True,False,False,False,False,True,False,False,False,E3: 跌破季線+季線走平/向下,15.1,14.6,15.5,1.38,c1=❌10 c2=✅5 c3=✅5 c4=✅10 c5=❌5 c6=❌5 c7=❌10 c9=✅5 c10=✅5 c11=❌10 c12=✅5 c13=❌5 c14=❌5 c15=❌5 c18=❌10 c19_bonus=❌5,TW
2601,,2026-06-15 09:33,OUT,20,True,False,True,False,False,False,True,False,False,False,True,False,True,False,False,False,False,True,False,False,False,,5.8,5.5,5.5,0.84,c1=❌10 c2=✅5 c3=❌5 c4=❌10 c5=❌5 c6=✅5 c7=❌10 c9=❌5 c10=✅5 c11=❌10 c12=✅5 c13=❌5 c14=❌5 c15=❌5 c18=❌10 c19_bonus=❌5,TW
9934,,2026-06-15 09:33,OUT,35,True,True,True,False,False,True,False,False,False,True,True,False,True,False,False,False,False,True,False,False,False,,10.5,10.1,9.7,0.63,c1=✅10 c2=✅5 c3=❌5 c4=❌10 c5=✅5 c6=❌5 c7=❌10 c9=✅5 c10=✅5 c11=❌10 c12=✅5 c13=❌5 c14=❌5 c15=❌5 c18=❌10 c19_bonus=❌5,TW
6477,,2026-06-15 09:33,EXIT,30,True,False,False,True,True,False,False,False,False,True,True,False,True,False,False,False,False,True,False,False,False,"E1: 多頭破月線(前30日曾站上), E3: 跌破季線+季線走平/向下",33.5,33.8,34.2,1.5,c1=❌10 c2=❌5 c3=✅5 c4=✅10 c5=❌5 c6=❌5 c7=❌10 c9=✅5 c10=✅5 c11=❌10 c12=✅5 c13=❌5 c14=❌5 c15=❌5 c18=❌10 c19_bonus=❌5,TW
3024,,2026-06-15 09:33,EXIT,30,True,False,False,True,False,True,True,False,False,True,True,False,True,False,False,False,False,True,False,False,False,E1: 多頭破月線(前30日曾站上),12.4,14.8,13.0,0.74,c1=❌10 c2=❌5 c3=✅5 c4=❌10 c5=✅5 c6=✅5 c7=❌10 c9=✅5 c10=✅5 c11=❌10 c12=✅5 c13=❌5 c14=❌5 c15=❌5 c18=❌10 c19_bonus=❌5,TW
1722,,2026-06-15 12:10,OUT,55,True,True,True,True,True,True,True,False,False,True,True,False,True,False,False,False,False,True,False,False,False,,49.0,47.0,46.4,1.22,c1=✅10 c2=✅5 c3=✅5 c4=✅10 c5=✅5 c6=✅5 c7=❌10 c9=✅5 c10=✅5 c11=❌10 c12=✅5 c13=❌5 c14=❌5 c15=❌5 c18=❌10 c19_bonus=❌5,TW
1101,,2026-06-15 12:10,OUT,35,True,False,True,True,True,False,False,False,False,True,True,False,True,False,False,False,False,True,False,False,False,,25.0,24.3,24.3,1.02,c1=❌10 c2=✅5 c3=✅5 c4=✅10 c5=❌5 c6=❌5 c7=❌10 c9=✅5 c10=✅5 c11=❌10 c12=✅5 c13=❌5 c14=❌5 c15=❌5 c18=❌10 c19_bonus=❌5,TW
2363,,2026-06-15 12:10,EXIT,50,True,True,False,True,False,True,True,True,False,True,True,False,True,False,False,False,False,True,False,False,False,E1: 多頭破月線(前30日曾站上),61.3,62.8,56.3,0.76,c1=✅10 c2=❌5 c3=✅5 c4=❌10 c5=✅5 c6=✅5 c7=✅10 c9=✅5 c10=✅5 c11=❌10 c12=✅5 c13=❌5 c14=❌5 c15=❌5 c18=❌10 c19_bonus=❌5,TW
9921,,2026-06-15 12:10,OUT,35,True,True,True,True,False,False,False,False,False,True,True,False,True,False,False,False,False,True,False,False,False,,76.8,70.9,70.3,0.54,c1=✅10 c2=✅5 c3=✅5 c4=❌10 c5=❌5 c6=❌5 c7=❌10 c9=✅5 c10=✅5 c11=❌10 c12=✅5 c13=❌5 c14=❌5 c15=❌5 c18=❌10 c19_bonus=❌5,TW
6269,,2026-06-15 12:10,OUT,50,True,True,True,True,True,False,True,False,False,True,True,False,True,False,False,False,False,True,False,False,False,,74.6,66.3,63.8,1.18,c1=✅10 c2=✅5 c3=✅5 c4=✅10 c5=❌5 c6=✅5 c7=❌10 c9=✅5 c10=✅5 c11=❌10 c12=✅5 c13=❌5 c14=❌5 c15=❌5 c18=❌10 c19_bonus=❌5,TW
1440,,2026-06-15 12:10,OUT,35,True,True,True,False,False,False,True,False,False,True,True,False,True,False,False,False,False,True,False,False,False,,13.1,12.8,12.8,0.62,c1=✅10 c2=✅5 c3=❌5 c4=❌10 c5=❌5 c6=✅5 c7=❌10 c9=✅5 c10=✅5 c11=❌10 c12=✅5 c13=❌5 c14=❌5 c15=❌5 c18=❌10 c19_bonus=❌5,TW
1313,,2026-06-15 12:10,EXIT,30,True,False,True,True,False,True,False,False,False,True,True,False,True,False,False,False,False,True,False,False,False,E3: 跌破季線+季線走平/向下,11.2,10.9,11.6,0.5,c1=❌10 c2=✅5 c3=✅5 c4=❌10 c5=✅5 c6=❌5 c7=❌10 c9=✅5 c10=✅5 c11=❌10 c12=✅5 c13=❌5 c14=❌5 c15=❌5 c18=❌10 c19_bonus=❌5,TW
1312,,2026-06-15 12:10,OUT,20,True,False,True,False,False,False,False,False,False,True,True,False,True,False,False,False,False,True,False,False,False,,12.9,12.1,12.6,0.52,c1=❌10 c2=✅5 c3=❌5 c4=❌10 c5=❌5 c6=❌5 c7=❌10 c9=✅5 c10=✅5 c11=❌10 c12=✅5 c13=❌5 c14=❌5 c15=❌5 c18=❌10 c19_bonus=❌5,TW
6230,,2026-06-15 12:10,EXIT,40,True,False,True,True,False,False,True,True,False,True,True,False,True,False,False,False,False,True,False,False,False,E3: 跌破季線+季線走平/向下,137.5,136.6,148.0,0.7,c1=❌10 c2=✅5 c3=✅5 c4=❌10 c5=❌5 c6=✅5 c7=✅10 c9=✅5 c10=✅5 c11=❌10 c12=✅5 c13=❌5 c14=❌5 c15=❌5 c18=❌10 c19_bonus=❌5,TW
2104,,2026-06-15 12:10,EXIT,25,True,False,True,True,False,False,False,False,False,True,True,False,True,False,False,False,False,True,False,False,False,E3: 跌破季線+季線走平/向下,10.6,10.4,11.0,0.59,c1=❌10 c2=✅5 c3=✅5 c4=❌10 c5=❌5 c6=❌5 c7=❌10 c9=✅5 c10=✅5 c11=❌10 c12=✅5 c13=❌5 c14=❌5 c15=❌5 c18=❌10 c19_bonus=❌5,TW
4526,,2026-06-15 12:10,EXIT,40,True,True,False,True,False,False,False,True,False,True,True,False,True,False,False,False,False,True,False,False,False,E1: 多頭破月線(前30日曾站上),38.5,40.2,36.6,0.52,c1=✅10 c2=❌5 c3=✅5 c4=❌10 c5=❌5 c6=❌5 c7=✅10 c9=✅5 c10=✅5 c11=❌10 c12=✅5 c13=❌5 c14=❌5 c15=❌5 c18=❌10 c19_bonus=❌5,TW
2913,,2026-06-15 12:10,EXIT,25,True,False,True,True,False,False,True,False,False,False,True,False,True,False,False,False,False,True,False,False,False,E3: 跌破季線+季線走平/向下,11.2,11.1,11.5,0.26,c1=❌10 c2=✅5 c3=✅5 c4=❌10 c5=❌5 c6=✅5 c7=❌10 c9=❌5 c10=✅5 c11=❌10 c12=✅5 c13=❌5 c14=❌5 c15=❌5 c18=❌10 c19_bonus=❌5,TW
1702,,2026-06-15 12:10,EXIT,30,True,False,True,True,False,True,False,False,False,True,True,False,True,False,False,False,False,True,False,False,False,E3: 跌破季線+季線走平/向下,31.6,31.3,32.9,0.62,c1=❌10 c2=✅5 c3=✅5 c4=❌10 c5=✅5 c6=❌5 c7=❌10 c9=✅5 c10=✅5 c11=❌10 c12=✅5 c13=❌5 c14=❌5 c15=❌5 c18=❌10 c19_bonus=❌5,TW
3056,,2026-06-15 12:10,OUT,35,True,False,True,True,False,True,True,False,False,True,True,False,True,False,False,False,False,True,False,False,False,,15.3,14.0,14.2,0.56,c1=❌10 c2=✅5 c3=✅5 c4=❌10 c5=✅5 c6=✅5 c7=❌10 c9=✅5 c10=✅5 c11=❌10 c12=✅5 c13=❌5 c14=❌5 c15=❌5 c18=❌10 c19_bonus=❌5,TW
5608,,2026-06-15 12:10,EXIT,25,True,False,True,True,False,False,False,False,False,True,True,False,True,False,False,False,False,True,False,False,False,E3: 跌破季線+季線走平/向下,15.2,14.7,15.5,0.62,c1=❌10 c2=✅5 c3=✅5 c4=❌10 c5=❌5 c6=❌5 c7=❌10 c9=✅5 c10=✅5 c11=❌10 c12=✅5 c13=❌5 c14=❌5 c15=❌5 c18=❌10 c19_bonus=❌5,TW
2601,,2026-06-15 12:10,OUT,20,True,False,True,False,False,False,True,False,False,False,True,False,True,False,False,False,False,True,False,False,False,,5.9,5.6,5.5,0.6,c1=❌10 c2=✅5 c3=❌5 c4=❌10 c5=❌5 c6=✅5 c7=❌10 c9=❌5 c10=✅5 c11=❌10 c12=✅5 c13=❌5 c14=❌5 c15=❌5 c18=❌10 c19_bonus=❌5,TW
1310,,2026-06-15 12:10,EXIT,25,True,False,True,False,False,False,True,False,False,True,True,False,True,False,False,False,False,True,False,False,False,E3: 跌破季線+季線走平/向下,8.5,8.4,9.5,0.76,c1=❌10 c2=✅5 c3=❌5 c4=❌10 c5=❌5 c6=✅5 c7=❌10 c9=✅5 c10=✅5 c11=❌10 c12=✅5 c13=❌5 c14=❌5 c15=❌5 c18=❌10 c19_bonus=❌5,TW
9934,,2026-06-15 12:10,OUT,35,True,True,True,False,False,True,False,False,False,True,True,False,True,False,False,False,False,True,False,False,False,,10.4,10.1,9.7,0.44,c1=✅10 c2=✅5 c3=❌5 c4=❌10 c5=✅5 c6=❌5 c7=❌10 c9=✅5 c10=✅5 c11=❌10 c12=✅5 c13=❌5 c14=❌5 c15=❌5 c18=❌10 c19_bonus=❌5,TW
6477,,2026-06-15 12:10,EXIT,25,True,False,True,True,False,False,False,False,False,True,True,False,True,False,False,False,False,True,False,False,False,E3: 跌破季線+季線走平/向下,33.8,33.8,34.1,0.28,c1=❌10 c2=✅5 c3=✅5 c4=❌10 c5=❌5 c6=❌5 c7=❌10 c9=✅5 c10=✅5 c11=❌10 c12=✅5 c13=❌5 c14=❌5 c15=❌5 c18=❌10 c19_bonus=❌5,TW
3024,,2026-06-15 12:10,EXIT,30,True,False,False,True,False,True,True,False,False,True,True,False,True,False,False,False,False,True,False,False,False,E1: 多頭破月線(前30日曾站上),12.6,14.6,13.0,0.5,c1=❌10 c2=❌5 c3=✅5 c4=❌10 c5=✅5 c6=✅5 c7=❌10 c9=✅5 c10=✅5 c11=❌10 c12=✅5 c13=❌5 c14=❌5 c15=❌5 c18=❌10 c19_bonus=❌5,TW
